pheno_id,pheno_chr,pheno_start,pheno_end,pheno_strand,n_proximal_var,pheno_var_dist,var_id,var_chr,var_start,var_end,p_degree_freedom,dummy,beta_dist_par1,beta_dist_par2,p_nominal,beta,p_empirical,p_adjust_beta_dist,qval,nthresholds
ENSG00000237438.2,chr22,17517460,17517460,+,5095,25350,22_17542810,chr22,17542810,17542810,356,326.067,1.02944,668.898,6.03194e-25,-0.797604,0.000999001,9.82567e-21,3.71848393463599e-20,8.2607758383979e-05
ENSG00000273203.1,chr22,17548711,17548711,+,5170,-31323,22_17517388,chr22,17517388,17517388,356,313.099,1.02343,577.981,1.82692e-06,-0.410249,0.00699301,0.00385086,0.00274744793213071,6.80778792623293e-05
ENSG00000177663.9,chr22,17565844,17565844,+,5193,-52141,22_17513703,chr22,17513703,17513703,356,324.624,1.01238,704.453,3.24667e-13,-0.662102,0.000999001,1.93457e-09,2.71596601136092e-09,7.14721916625916e-05
ENSG00000183307.3,chr22,17602257,17602257,-,5230,14282,22_17587975,chr22,17587975,17587975,356,332.985,1.02936,805.824,1.61278e-07,-0.405532,0.000999001,0.000254305,0.000206872466692647,8.03291564479558e-05
ENSG00000069998.8,chr22,17646177,17646177,-,5291,-12975,22_17659152,chr22,17659152,17659152,356,332.481,1.00319,787.383,7.43215e-14,-0.88806,0.000999001,3.58737e-10,5.57596085758906e-10,7.51971359338466e-05
ENSG00000099954.14,chr22,17840837,17840837,+,5435,278308,22_18119145,chr22,18119145,18119145,356,296.672,1.05589,468.843,3.73157e-05,-0.562761,0.0679321,0.0638226,0.0357252824085765,6.09002501402722e-05
ENSG00000182902.9,chr22,18043139,18043139,+,5238,76622,22_18119761,chr22,18119761,18119761,356,301.748,1.06771,568.397,2.7324e-06,-0.459568,0.004995,0.0063024,0.00438861539165836,5.81544006206247e-05
ENSG00000131100.8,chr22,18111584,18111584,-,5272,33944,22_18077640,chr22,18077640,18077640,356,329.074,0.979112,794.234,8.41648e-33,-1.09458,0.000999001,5.57122e-27,3.95629248833406e-26,6.33742158031581e-05
ENSG00000015475.14,chr22,18257536,18257536,-,5381,-26884,22_18284420,chr22,18284420,18284420,356,332.69,0.972552,885.251,5.85499e-08,-0.424318,0.000999001,0.000181067,0.000151543578469154,6.06053800260575e-05
ENSG00000269220.1,chr22,18260088,18260088,+,5389,1456,22_18261544,chr22,18261544,18261544,356,334.219,0.998374,873.141,1.21394e-13,-1.25645,0.000999001,6.10058e-10,8.92453777980643e-10,6.93256346009363e-05
ENSG00000093100.13,chr22,18294263,18294263,-,5397,-189125,22_18483388,chr22,18483388,18483388,356,316.002,1.0533,692.259,1.09286e-22,0.661404,0.000999001,2.23402e-18,6.82297481582664e-18,6.5771556614469e-05
ENSG00000243156.3,chr22,18507325,18507325,-,5030,23937,22_18483388,chr22,18483388,18483388,356,304.512,1.01297,517.782,4.95682e-21,0.638128,0.000999001,1.07977e-15,2.61072018940478e-15,5.90117448462379e-05
ENSG00000215193.8,chr22,18560689,18560689,+,4996,23031,22_18583720,chr22,18583720,18583720,356,316.437,1.0502,626.576,2.18017e-09,-0.866075,0.000999001,5.83086e-06,5.90154515301966e-06,7.37057516655426e-05
ENSG00000183785.10,chr22,18593097,18593097,+,5075,-29810,22_18563287,chr22,18563287,18563287,356,314.629,1.02504,611.805,4.83071e-07,0.67028,0.001998,0.00114549,0.000882357192517532,6.68562713863619e-05
ENSG00000100033.12,chr22,18924066,18924066,-,4880,321,22_18923745,chr22,18923745,18923745,356,312.421,1.06864,541.901,2.73671e-06,0.344228,0.000999001,0.0041299,0.00292257722732446,8.243755609183e-05
ENSG00000273032.1,chr22,19005347,19005347,+,4810,95396,22_19100743,chr22,19100743,19100743,356,332.498,0.957505,688.098,1.20518e-08,-0.409383,0.000999001,3.99957e-05,3.7433628420644e-05,7.51318833798198e-05
ENSG00000273311.1,chr22,19035888,19035888,-,4824,2923,22_19032965,chr22,19032965,19032965,356,303.139,1.01551,454.622,1.19755e-12,0.516965,0.000999001,1.90119e-08,2.46991660617886e-08,6.66149206954847e-05
ENSG00000070413.14,chr22,19109967,19109967,-,4730,-19705,22_19129672,chr22,19129672,19129672,356,323.268,1.0329,638.751,5.7491e-07,0.448965,0.000999001,0.000958862,0.000748536206378693,8.1770904567513e-05
ENSG00000100056.7,chr22,19132197,19132197,-,4726,-128,22_19132325,chr22,19132325,19132325,356,323.929,1.0159,620.286,8.76499e-11,0.510622,0.000999001,2.97991e-07,3.37316984854941e-07,8.15636672015785e-05
ENSG00000100075.5,chr22,19166343,19166343,-,4791,-337,22_19166680,chr22,19166680,19166680,356,315.15,0.96548,503.15,1.01919e-39,-0.951319,0.000999001,1.52841e-31,1.3303669337801e-30,6.95371755686791e-05
ENSG00000070371.11,chr22,19279239,19279239,-,4848,18,22_19279221,chr22,19279221,19279221,356,308.232,1.03075,517.026,5.74124e-28,1.34451,0.000999001,2.28544e-22,1.07530005308056e-21,6.93382406135035e-05
ENSG00000185608.4,chr22,19419425,19419425,+,4643,-76877,22_19342548,chr22,19342548,19342548,356,308.58,1.0339,500.781,2.5124e-25,1.07574,0.000999001,4.17538e-20,1.45374277529374e-19,7.33210412662277e-05
ENSG00000184708.13,chr22,31892094,31892094,-,4107,354972,22_31537122,chr22,31537122,31537122,356,294.274,1.02942,211.231,1.41394e-07,-0.479588,0.000999001,0.000282834,0.000227949913422955,0.000135579611722725
ENSG00000241878.5,chr22,32058418,32058418,-,4253,196572,22_31861846,chr22,31861846,31861846,356,308.215,1.01717,289.343,6.15999e-05,-0.55817,0.046953,0.0513831,0.0302197006689323,0.000129129150550855
ENSG00000100150.12,chr22,32149944,32149944,+,4226,136423,22_32286367,chr22,32286367,32286367,356,292.501,1.0368,245.328,2.47463e-07,-0.518345,0.000999001,0.000540496,0.000431616022047262,0.000110687515145313
ENSG00000128245.10,chr22,32340447,32340447,+,4356,1237,22_32341684,chr22,32341684,32341684,356,301.192,1.05497,295.719,1.46055e-17,0.683249,0.000999001,2.76969e-13,5.5420887664589e-13,0.00011837778372592
ENSG00000128254.9,chr22,32341504,32341504,-,4355,-40739,22_32382243,chr22,32382243,32382243,356,296.794,1.0769,280.879,1.48349e-08,0.477061,0.000999001,3.02286e-05,2.9073748286254e-05,0.000119797092696605
ENSG00000128276.6,chr22,32750872,32750872,+,4664,26251,22_32777123,chr22,32777123,32777123,356,286.191,1.0882,264.451,1.13576e-07,-0.511186,0.000999001,0.000259903,0.000210442959001625,9.98798156165437e-05
ENSG00000205853.6,chr22,32778039,32778039,-,4698,-468,22_32778507,chr22,32778507,32778507,356,307.38,1.02626,347.642,2.91691e-10,-0.602672,0.000999001,1.14693e-06,1.2401453915108e-06,0.000105399190949207
ENSG00000241954.1,chr22,32779773,32779773,+,4700,-21702,22_32758071,chr22,32758071,32758071,356,338.304,0.996507,534.712,4.83156e-05,-0.538498,0.043956,0.0395943,0.0241851829213959,0.000127611861234
ENSG00000100220.7,chr22,32808242,32808242,-,4740,29015,22_32779227,chr22,32779227,32779227,356,322.573,0.990369,445.527,4.73799e-06,-0.343295,0.00599401,0.00621808,0.00436481852192557,0.000104574944414848
ENSG00000100225.13,chr22,32870663,32870663,+,4792,17959,22_32888622,chr22,32888622,32888622,356,297.82,1.04825,338.113,1.41854e-13,-0.545809,0.000999001,1.77807e-09,2.51654853172658e-09,9.04831420387442e-05
ENSG00000100292.12,chr22,35776354,35776354,+,5143,-3697,22_35772657,chr22,35772657,35772657,356,323.72,1.03197,464.748,1.38464e-05,-0.636501,0.012987,0.0135772,0.00916119392926355,0.000116816282422105
ENSG00000100297.11,chr22,35796056,35796056,+,5053,-264662,22_35531394,chr22,35531394,35531394,356,302.548,1.05911,341.167,1.89667e-05,-0.336193,0.015984,0.0214078,0.0139579726986984,0.000105120872395892
ENSG00000100336.13,chr22,36600886,36600886,-,4755,-34,22_36600920,chr22,36600920,36600920,356,308.823,1.03058,449.747,1.04295e-22,0.722956,0.000999001,9.16593e-18,2.70449443236469e-17,8.26005782104122e-05
ENSG00000100345.16,chr22,36784063,36784063,-,4923,109052,22_36675011,chr22,36675011,36675011,356,292.257,1.0938,380.069,2.0662e-08,-0.421298,0.000999001,6.03178e-05,5.44063700445251e-05,7.7521414655557e-05
ENSG00000223695.1,chr22,36784671,36784671,+,4924,53100,22_36837771,chr22,36837771,36837771,356,300.514,1.03135,407.914,5.0192e-08,-0.573543,0.000999001,0.000170761,0.00014430555059295,7.40108156197516e-05
ENSG00000100348.5,chr22,36878077,36878077,-,4857,3478,22_36874599,chr22,36874599,36874599,356,313.551,0.989544,498.654,3.46166e-09,-0.439015,0.000999001,1.66215e-05,1.64406548976223e-05,7.29989909862283e-05
ENSG00000100350.10,chr22,36903148,36903148,-,4837,133746,22_36769402,chr22,36769402,36769402,356,317.949,1.04212,559.725,4.25756e-05,0.510501,0.0529471,0.0520187,0.0304647732673567,8.48793549419469e-05
ENSG00000100228.8,chr22,23487513,23487513,+,6720,19246,22_23506759,chr22,23506759,23506759,356,309.71,1.03304,524.671,7.40839e-06,-0.511115,0.013986,0.0130518,0.00884094836344949,7.14766899179153e-05
ENSG00000186716.15,chr22,23521891,23521891,+,6553,20208,22_23542099,chr22,23542099,23542099,356,310.335,1.02819,528.41,7.98748e-07,-0.397975,0.000999001,0.00178487,0.00133355900424562,7.10215382617729e-05
ENSG00000211683.3,chr22,23981128,23981128,-,5125,-12898,22_23994026,chr22,23994026,23994026,356,313.708,1.0315,473.464,3.77473e-17,-0.812122,0.000999001,5.36799e-13,1.04998539598024e-12,8.88408827673937e-05
ENSG00000234353.2,chr22,23982949,23982949,-,5122,-28771,22_24011720,chr22,24011720,24011720,356,289.945,1.17441,354.89,7.04394e-20,-0.892975,0.000999001,2.91468e-16,7.35365680210092e-16,9.91624970534399e-05
ENSG00000244723.3,chr22,23995521,23995521,-,5082,-276,22_23995797,chr22,23995797,23995797,356,323.146,0.961841,498.412,1.36809e-10,-0.566948,0.000999001,8.48537e-07,9.29041741359089e-07,8.54034770236822e-05
ENSG00000159496.10,chr22,24030323,24030323,+,5002,-2137,22_24028186,chr22,24028186,24028186,356,307.067,1.03034,398.199,1.26725e-05,0.353331,0.017982,0.0173894,0.0115543328234863,9.05895053053829e-05
ENSG00000273000.1,chr22,24059534,24059534,-,4879,25246,22_24034288,chr22,24034288,24034288,356,300.253,1.05428,340.157,7.93597e-13,0.515572,0.000999001,6.03422e-09,8.27139928716467e-09,9.77773749231137e-05
ENSG00000272578.1,chr22,24059543,24059543,-,4879,51134,22_24008409,chr22,24008409,24008409,356,318.957,1.02949,465.466,1.36616e-12,-0.701761,0.000999001,5.25297e-09,7.25764869679264e-09,0.000102894166178924
ENSG00000228315.7,chr22,24059543,24059543,-,4879,31131,22_24028412,chr22,24028412,24028412,356,304.147,1.02461,377.037,5.93769e-16,0.578115,0.000999001,1.55707e-11,2.63167636242191e-11,8.76588859293204e-05
ENSG00000128218.7,chr22,24096655,24096655,-,4883,-2829,22_24099484,chr22,24099484,24099484,356,309.814,1.04036,420.402,1.8684e-12,1.0416,0.000999001,1.01504e-08,1.36979322481214e-08,9.43994353128641e-05
ENSG00000169314.10,chr22,24105208,24105208,+,4842,3080,22_24108288,chr22,24108288,24108288,356,303.869,1.07607,398.327,4.49372e-05,0.439201,0.047952,0.0494888,0.029303612309594,9.56545656263241e-05
ENSG00000167074.10,chr22,41763337,41763337,+,3002,12543,22_41775880,chr22,41775880,41775880,356,281.793,1.01057,86.1671,7.20949e-47,1.04752,0.000999001,6.95545e-36,8.07226742349743e-35,0.000275584036672938
ENSG00000100410.3,chr22,41864729,41864729,-,3123,-348207,22_42212936,chr22,42212936,42212936,356,293.092,1.03703,101.801,3.39526e-05,0.355909,0.00899101,0.0144873,0.00970008796459288,0.000323585106769775
ENSG00000100412.11,chr22,41865129,41865129,+,3124,-112070,22_41753059,chr22,41753059,41753059,356,275.9,1.0695,88.5368,2.39725e-15,-0.621255,0.000999001,5.90783e-11,9.61182332160846e-11,0.000280046592885719
ENSG00000100413.12,chr22,41940610,41940610,-,3286,195062,22_41745548,chr22,41745548,41745548,356,283.966,1.0298,109.259,2.31718e-28,-0.827359,0.000999001,1.62995e-21,6.75595205760008e-21,0.000231737701971824
ENSG00000172346.10,chr22,41956767,41956767,+,3304,-100844,22_41855923,chr22,41855923,41855923,356,292.466,1.02503,119.178,2.71413e-10,0.506544,0.000999001,8.81816e-07,9.59443840394782e-07,0.000253606277618168
ENSG00000100417.7,chr22,41985894,41985894,-,3366,-90747,22_42076641,chr22,42076641,42076641,356,289.493,1.07108,129.564,3.1018e-33,0.958672,0.000999001,5.68155e-27,3.95629248833406e-26,0.000247059068606892
ENSG00000100418.7,chr22,42017100,42017100,-,3378,28173,22_41988927,chr22,41988927,41988927,356,277.534,1.09497,113.519,2.7417e-08,-0.395985,0.000999001,4.24476e-05,3.93058197305614e-05,0.000231321762471426
ENSG00000196419.8,chr22,42017123,42017123,+,3378,-28196,22_41988927,chr22,41988927,41988927,356,296.725,1.02759,140.147,6.15856e-11,0.462192,0.000999001,2.18037e-07,2.54744899075151e-07,0.000233811197884237
ENSG00000167077.8,chr22,42095503,42095503,+,3561,82396,22_42177899,chr22,42177899,42177899,356,282.957,1.0557,122.362,3.94834e-33,1.00695,0.000999001,6.44627e-26,4.00785524743204e-25,0.000213887663306211
ENSG00000100147.9,chr22,42196683,42196683,+,3695,-75819,22_42120864,chr22,42120864,42120864,356,287.546,1.05138,159.071,5.62293e-42,-0.867019,0.000999001,1.21561e-33,1.3226223235032e-32,0.00017202252272086
ENSG00000198911.7,chr22,42229109,42229109,+,3716,-158735,22_42070374,chr22,42070374,42070374,356,293.265,1.04058,164.176,0.000158941,0.474477,0.0769231,0.085183,0.0454880058482485,0.000185266795167616
ENSG00000260655.1,chr22,42319104,42319104,-,3902,-10493,22_42329597,chr22,42329597,42329597,356,276.734,1.0955,139.74,8.83235e-12,0.83206,0.000999001,5.61798e-08,7.08700386338585e-08,0.00017440524037815
ENSG00000263463.1,chr22,42319301,42319301,-,3903,26378,22_42292923,chr22,42292923,42292923,356,308.302,1.00565,197.172,5.60024e-08,0.688344,0.000999001,8.0862e-05,7.21890679416141e-05,0.000193454363220602
ENSG00000223704.1,chr22,27254597,27254597,+,5552,537903,22_27792500,chr22,27792500,27792500,356,307.658,1.01827,640.68,3.15892e-05,-0.32737,0.0649351,0.0640484,0.035736766799854,5.12876069793666e-05
ENSG00000235954.2,chr22,28315364,28315364,+,4142,4147,22_28319511,chr22,28319511,28319511,356,296.603,1.0786,387.346,1.7369e-11,1.09536,0.000999001,9.59141e-08,1.19265816972519e-07,8.17746293455546e-05
ENSG00000180957.13,chr22,28316122,28316122,-,4143,48014,22_28268108,chr22,28268108,28268108,356,308.441,1.03233,467.776,9.12367e-09,-0.752241,0.000999001,2.95905e-05,2.86181374791232e-05,7.85943405308132e-05
ENSG00000100154.10,chr22,29075853,29075853,-,3074,-20508,22_29096361,chr22,29096361,29096361,356,307.45,0.980979,186.841,7.12312e-22,-0.689372,0.000999001,1.60257e-16,4.16393338442139e-16,0.000185660293630097
ENSG00000183765.16,chr22,29138410,29138410,-,3026,144012,22_28994398,chr22,28994398,28994398,356,311.135,0.996126,178.89,3.4843e-05,0.346952,0.024975,0.0196695,0.0129213834152165,0.000224053999040463
ENSG00000159873.5,chr22,29168662,29168662,+,3030,758,22_29169420,chr22,29169420,29169420,356,279.933,1.06994,121.816,4.59646e-05,-0.508335,0.022977,0.0278468,0.0174378150404893,0.000208190871635261
ENSG00000100219.12,chr22,29196585,29196585,-,3050,19171,22_29177414,chr22,29177414,29177414,356,298.498,0.98601,142.327,6.15478e-08,0.437612,0.000999001,0.000116501,0.000101405433196796,0.000208448379008352
ENSG00000272858.1,chr22,29210902,29210902,+,3057,-22861,22_29188041,chr22,29188041,29188041,356,300.062,0.96917,146.215,0.000153919,-0.464752,0.0829171,0.0792511,0.0428460701338187,0.000197786549666956
ENSG00000186998.11,chr22,29601840,29601840,+,3214,19288,22_29621128,chr22,29621128,29621128,356,305.225,1.00445,148.266,7.57825e-09,0.670997,0.000999001,1.24422e-05,1.23771512045506e-05,0.000248624769219274
ENSG00000237015.1,chr22,29656878,29656878,+,3236,-35750,22_29621128,chr22,29621128,29621128,356,301.54,1.04065,158.59,7.87848e-05,0.464229,0.038961,0.0375967,0.0231272959865704,0.000236737620063043
ENSG00000100263.9,chr22,29664198,29664198,-,3239,2857,22_29661341,chr22,29661341,29661341,356,302.165,0.939246,140.962,3.21794e-07,0.509472,0.001998,0.000587118,0.000464584034999595,0.000194925022291237
ENSG00000100364.14,chr22,45636650,45636650,-,6105,-4761,22_45641411,chr22,45641411,45641411,356,317.914,1.03965,767.779,4.6727e-24,0.717234,0.000999001,1.72531e-19,5.77597577401991e-19,5.92078200115642e-05
ENSG00000100376.7,chr22,45704849,45704849,+,6049,21496,22_45726345,chr22,45726345,45726345,356,322.729,1.07719,861.392,7.67687e-54,-1.4603,0.000999001,1.51076e-49,3.2875098122847e-48,6.60215106867978e-05
ENSG00000077935.12,chr22,45809500,45809500,-,5877,-124,22_45809624,chr22,45809624,45809624,356,313.986,1.03918,664.002,1.58343e-16,-0.567462,0.000999001,2.23103e-12,4.0040108257121e-12,6.25877951822007e-05
ENSG00000128408.7,chr22,45809572,45809572,+,5877,52,22_45809624,chr22,45809624,45809624,356,284.557,1.12246,433.963,9.91138e-39,-0.836991,0.000999001,4.26889e-32,3.91131623193179e-31,5.73341003176076e-05
ENSG00000197182.8,chr22,46449749,46449749,+,5526,-2035,22_46447714,chr22,46447714,46447714,356,301.696,1.03619,439.903,5.34823e-07,0.6032,0.003996,0.00135371,0.00103815296114064,7.10863246179416e-05
ENSG00000182257.5,chr22,46450024,46450024,-,5526,471362,22_45978662,chr22,45978662,45978662,356,300.792,1.00857,429.717,6.42953e-07,0.769189,0.001998,0.00193129,0.00142461350138,6.51310011300366e-05
ENSG00000186951.12,chr22,46546424,46546424,+,5489,75570,22_46621994,chr22,46621994,46621994,356,322.243,1.02264,590.832,1.20763e-07,-0.458257,0.000999001,0.000232589,0.00019281083875274,8.4139971081143e-05
ENSG00000205643.6,chr22,46646576,46646576,-,5462,201105,22_46445471,chr22,46445471,46445471,356,300.427,1.04264,417.675,5.03498e-05,0.291759,0.0689311,0.0694175,0.0383636554870561,7.4436040744974e-05
ENSG00000130943.5,chr22,46659219,46659219,-,5425,-723,22_46659942,chr22,46659942,46659942,356,306.563,1.0131,454.466,1.15155e-11,-0.682589,0.000999001,1.11751e-07,1.36043234121826e-07,7.26428959605396e-05
ENSG00000075234.12,chr22,46663858,46663858,+,5401,13440,22_46677298,chr22,46677298,46677298,356,317.149,1.06633,614.469,1.55859e-25,-1.08992,0.000999001,1.96991e-21,7.97516168276031e-21,8.04524698827525e-05
ENSG00000075218.14,chr22,46692638,46692638,+,5365,11605,22_46704243,chr22,46704243,46704243,356,301.348,1.06463,460.239,5.22182e-12,-0.738945,0.000999001,3.46815e-08,4.47224586711821e-08,7.29396505154689e-05
ENSG00000100416.8,chr22,46726772,46726772,+,5384,25308,22_46752080,chr22,46752080,46752080,356,295.56,1.05175,396.104,1.82437e-08,-0.517661,0.000999001,7.12591e-05,6.39440545018446e-05,7.11883042667782e-05
ENSG00000099917.13,chr22,20850200,20850200,+,3793,13685,22_20863885,chr22,20863885,20863885,356,315.794,0.987681,463.347,2.85101e-07,-0.693278,0.002997,0.000682165,0.000534931319359146,8.35770970509797e-05
ENSG00000099937.6,chr22,21128167,21128167,+,3411,-80923,22_21047244,chr22,21047244,21047244,356,305.277,1.05195,433.19,3.69051e-05,-0.449999,0.036963,0.047244,0.0282628034958356,8.38088399901515e-05
ENSG00000099940.7,chr22,21213271,21213271,+,3204,-170302,22_21042969,chr22,21042969,21042969,356,319.653,0.993091,422.823,4.10651e-26,-1.52536,0.000999001,7.65996e-21,2.96329955039063e-20,0.000103925452914044
ENSG00000241973.6,chr22,21213705,21213705,-,3203,146775,22_21066930,chr22,21066930,21066930,356,333.559,1.01792,519.718,7.07057e-11,-0.446955,0.000999001,1.08499e-07,1.3301449139975e-07,0.000125601847547285
ENSG00000272600.1,chr22,21245502,21245502,-,3175,55125,22_21190377,chr22,21190377,21190377,356,324.12,1.04043,459.383,1.72868e-26,-1.54941,0.000999001,1.89441e-22,9.16079245396762e-22,0.000122497280221845
ENSG00000099949.14,chr22,21333751,21333751,+,3211,2798,22_21336549,chr22,21336549,21336549,356,308.562,1.11266,397.18,4.38211e-13,-0.533129,0.000999001,6.97544e-10,1.01193339533317e-09,0.000120380984708124
ENSG00000272829.1,chr22,21336044,21336044,-,3216,-505,22_21336549,chr22,21336549,21336549,356,313.586,1.02865,393.745,1.16994e-06,-0.364963,0.000999001,0.00165142,0.00124453503559361,0.000108069614375372
ENSG00000183506.12,chr22,21871822,21871822,-,4681,49460,22_21822362,chr22,21822362,21822362,356,303.313,1.05953,401.421,2.53287e-19,-1.13173,0.000999001,6.82145e-15,1.58335028261339e-14,8.88799416278729e-05
ENSG00000184381.14,chr22,38601697,38601697,-,3912,83817,22_38517880,chr22,38517880,38517880,356,300.566,1.05926,288.807,4.44455e-08,0.423994,0.000999001,8.27581e-05,7.35048519426196e-05,0.00012132120361974
ENSG00000256873.1,chr22,38617120,38617120,-,3950,-40935,22_38658055,chr22,38658055,38658055,356,298.22,1.0212,281.788,4.10114e-06,-0.516924,0.004995,0.00624927,0.00436909520995712,0.00010401969946483
ENSG00000198792.8,chr22,38669040,38669040,-,3882,2667,22_38666373,chr22,38666373,38666373,356,322.486,1.0193,391.507,2.40032e-09,-0.654691,0.000999001,4.14082e-06,4.24032357096614e-06,0.000131679475368518
ENSG00000213923.6,chr22,38794527,38794527,-,3876,75988,22_38718539,chr22,38718539,38718539,356,322.382,0.97088,352.279,9.27893e-05,0.552515,0.0739261,0.0743472,0.0405728486782741,0.00012640191490676
ENSG00000184949.11,chr22,39052634,39052634,-,3750,-64835,22_39117469,chr22,39117469,39117469,356,288.798,1.08162,209.559,0.000131574,0.291645,0.0809191,0.0918843,0.0487673362663713,0.00013973286285851
ENSG00000230912.1,chr22,39064755,39064755,-,3732,24328,22_39040427,chr22,39040427,39040427,356,295.004,1.0311,228.664,0.000100678,-0.210293,0.0749251,0.080156,0.0432011274850929,0.000126409112837789
ENSG00000100216.4,chr22,39077953,39077953,+,3742,-12987,22_39064966,chr22,39064966,39064966,356,290.954,1.03795,226.212,1.58772e-23,-0.752526,0.000999001,8.65657e-18,2.59824092333791e-17,0.000117500042664309
ENSG00000100221.6,chr22,39097561,39097561,-,3717,-12563,22_39110124,chr22,39110124,39110124,356,298.967,0.998153,237.219,3.00133e-30,-0.838813,0.000999001,3.03373e-23,1.55331514373326e-22,0.000120380428726419
ENSG00000100226.11,chr22,39101728,39101728,+,3716,-36762,22_39064966,chr22,39064966,39064966,356,301.192,1.04131,271.864,6.71534e-08,-0.426527,0.000999001,0.000128617,0.000110843076955463,0.000125188356675965
ENSG00000100014.15,chr22,24666786,24666786,+,5131,432606,22_25099392,chr22,25099392,25099392,356,322.99,1.04357,582.169,2.81772e-05,0.607998,0.028971,0.0323141,0.0200907245974872,9.277635700633e-05
ENSG00000138867.12,chr22,24951903,24951903,-,4761,12995,22_24938908,chr22,24938908,24938908,356,284.279,1.0945,316.298,6.26225e-07,-0.567507,0.000999001,0.0014718,0.00111399317400183,7.73166675895887e-05
ENSG00000100031.14,chr22,24979718,24979718,+,4717,20511,22_25000229,chr22,25000229,25000229,356,297.785,1.03436,339.718,1.48298e-22,-0.726182,0.000999001,3.84005e-17,1.09589415681469e-16,8.60019266477607e-05
ENSG00000178026.8,chr22,24989175,24989175,-,4704,-4192,22_24993367,chr22,24993367,24993367,356,328.431,0.997513,492.541,1.82494e-08,-0.432139,0.000999001,3.27495e-05,3.13252721641353e-05,0.000110671762272863
ENSG00000215481.4,chr22,25028882,25028882,+,4507,35652,22_25064534,chr22,25064534,25064534,356,324.433,0.980703,460.615,8.4708e-07,0.360495,0.002997,0.00137138,0.00104709125286796,0.000102330906519787
ENSG00000100068.7,chr22,25801344,25801344,-,4726,514361,22_25286983,chr22,25286983,25286983,356,300.844,1.07423,461.693,3.64542e-05,-0.432292,0.0529471,0.0521498,0.0304647732673567,7.37702190509726e-05
ENSG00000272942.1,chr22,25831037,25831037,-,4748,-12847,22_25843884,chr22,25843884,25843884,356,309.518,1.06051,519.396,3.13562e-18,0.644885,0.000999001,4.16007e-14,9.2846941663535e-14,7.82085493572504e-05
ENSG00000272798.1,chr22,25832279,25832279,+,4752,76162,22_25908441,chr22,25908441,25908441,356,308.041,1.07396,476.708,6.3696e-10,0.461793,0.000999001,1.65999e-06,1.7728803828941e-06,8.63109309423571e-05
ENSG00000100058.8,chr22,25844072,25844072,+,4760,1783,22_25845855,chr22,25845855,25845855,356,309.988,1.07057,508.201,1.31743e-07,0.738698,0.000999001,0.000242806,0.000199381620117127,8.36338248249024e-05
ENSG00000182057.4,chr22,42665759,42665759,+,4424,6365,22_42672124,chr22,42672124,42672124,356,294.743,1.0273,225.954,8.45918e-13,0.510467,0.000999001,1.04338e-08,1.39720690266605e-08,0.000125764038796938
ENSG00000233903.2,chr22,42672361,42672361,+,4437,-18034,22_42654327,chr22,42654327,42654327,356,306.372,0.996112,249.177,3.16283e-06,0.411161,0.000999001,0.00392755,0.00279072604370797,0.000136612277170212
ENSG00000273366.1,chr22,42674194,42674194,+,4438,-10320,22_42663874,chr22,42663874,42663874,356,310.353,1.00779,273.815,1.13562e-16,-0.603569,0.000999001,2.2188e-12,4.0040108257121e-12,0.000140776434630396
ENSG00000100207.14,chr22,42739622,42739622,-,4503,135808,22_42603814,chr22,42603814,42603814,356,289.059,1.02175,220.296,2.30076e-05,-0.3002,0.032967,0.0272229,0.0171086674942662,0.000109185980215143
ENSG00000235568.2,chr22,42828401,42828401,-,4567,913967,22_41914434,chr22,41914434,41914434,356,290.449,1.03936,237.621,6.88788e-05,0.504016,0.0649351,0.0660224,0.0367204958527672,0.000109697934618902
ENSG00000230107.1,chr22,42834029,42834029,+,4571,9822,22_42843851,chr22,42843851,42843851,356,313.273,1.04218,326.409,9.61344e-24,0.844975,0.000999001,2.49403e-19,8.0402486628093e-19,0.000138092001832346
ENSG00000172250.10,chr22,42896585,42896585,+,4670,16319,22_42912904,chr22,42912904,42912904,356,304.182,1.00889,295.185,3.46084e-49,1.00839,0.000999001,3.73709e-40,5.00439719362482e-39,0.000110758721267867
ENSG00000189306.6,chr22,42915808,42915808,-,4684,834,22_42914974,chr22,42914974,42914974,356,297.246,1.02566,289.357,5.97824e-22,-0.977091,0.000999001,1.60168e-16,4.16393338442139e-16,9.96431192633596e-05
ENSG00000183569.13,chr22,42949623,42949623,+,4705,-40508,22_42909115,chr22,42909115,42909115,356,285.791,1.04795,254.557,4.17821e-11,-0.634518,0.000999001,4.35886e-07,4.86418281590834e-07,9.1095675658126e-05
ENSG00000182841.8,chr22,42978007,42978007,-,4731,-992,22_42978999,chr22,42978999,42978999,356,285.582,1.03727,250.1,2.85162e-18,-0.991249,0.000999001,5.25125e-13,1.03882307891754e-12,8.93380656294962e-05
ENSG00000100227.13,chr22,43010968,43010968,-,4775,125513,22_42885455,chr22,42885455,42885455,356,311.448,1.00448,349.696,4.04034e-08,0.396211,0.000999001,9.51847e-05,8.4112876721845e-05,0.00010841996693034
ENSG00000100243.16,chr22,43045574,43045574,-,4840,96689,22_42948885,chr22,42948885,42948885,356,284.887,1.08337,253.27,1.23044e-08,-0.507067,0.000999001,3.92882e-05,3.69702145280031e-05,0.000100039147309383
ENSG00000128274.11,chr22,43117304,43117304,-,4931,1728,22_43115576,chr22,43115576,43115576,356,288.138,1.11156,281.606,2.54541e-20,-0.685765,0.000999001,7.96741e-16,1.98143893922795e-15,0.000104751419961246
ENSG00000242247.6,chr22,43254112,43254112,-,5058,-119458,22_43373570,chr22,43373570,43373570,356,291.597,1.07625,287.559,8.64455e-13,-0.513865,0.000999001,7.21035e-09,9.80636251580619e-09,0.000101029528327912
ENSG00000100266.13,chr22,43411151,43411151,-,5283,1162,22_43409989,chr22,43409989,43409989,356,292.553,1.09509,319.132,1.49069e-58,1.02048,0.000999001,3.08837e-50,7.68055939978417e-49,9.68490097221775e-05
ENSG00000100271.12,chr22,43485434,43485434,-,5373,71104,22_43414330,chr22,43414330,43414330,356,316.02,0.966324,440.941,2.94959e-08,-0.405974,0.000999001,0.000108053,9.45247026646906e-05,8.27292663834189e-05
ENSG00000187860.6,chr22,30752624,30752624,+,3723,-283,22_30752341,chr22,30752341,30752341,356,282.505,1.10568,169.948,1.33021e-06,-0.429247,0.000999001,0.00144276,0.00109678165552047,0.000164451329058624
ENSG00000099995.14,chr22,30752936,30752936,-,3723,-67614,22_30820550,chr22,30820550,30820550,356,281.758,1.03105,152.076,5.52305e-05,-0.322689,0.040959,0.044671,0.0270019267021914,0.000145653548639046
ENSG00000100003.13,chr22,30792846,30792846,+,3705,68,22_30792914,chr22,30792914,30792914,356,277.273,1.10155,156.512,1.00902e-08,-0.520178,0.000999001,2.42313e-05,2.3565966210773e-05,0.000156249882941051
ENSG00000249590.3,chr22,30805244,30805244,+,3693,61227,22_30866471,chr22,30866471,30866471,356,295.073,1.04325,186.663,8.69142e-07,0.506148,0.000999001,0.00103908,0.000803948139891041,0.000167808199278974
ENSG00000272689.1,chr22,30817525,30817525,-,3660,-266743,22_31084268,chr22,31084268,31084268,356,286.764,1.09266,160.207,2.8312e-05,0.560596,0.014985,0.0186864,0.012368910861932,0.000190190352924668
ENSG00000099999.10,chr22,30817760,30817760,-,3659,-2790,22_30820550,chr22,30820550,30820550,356,294.135,1.00432,173.124,2.85571e-05,-0.33459,0.024975,0.0239984,0.01541610160564,0.000157593831482172
ENSG00000242114.1,chr22,30821518,30821518,+,3656,44953,22_30866471,chr22,30866471,30866471,356,294.482,1.01725,175.481,3.8038e-07,0.521966,0.000999001,0.000594173,0.000468039176397181,0.000163445189115818
ENSG00000185339.4,chr22,31002825,31002825,+,3463,27956,22_31030781,chr22,31030781,31030781,356,291.301,0.9994,157.721,1.92629e-11,-0.486611,0.000999001,2.03485e-07,2.39349349907565e-07,0.000161037414556642
ENSG00000100029.13,chr22,31003070,31003070,-,3464,9136,22_30993934,chr22,30993934,30993934,356,277.499,1.03909,139.732,3.19265e-29,-0.784895,0.000999001,8.73522e-22,3.89915776300949e-21,0.000148133053277766
ENSG00000100036.11,chr22,31031639,31031639,+,3475,5566,22_31037205,chr22,31037205,31037205,356,267.8,1.10142,129.671,1.3169e-08,-0.773024,0.000999001,4.06036e-05,3.77993647604451e-05,0.000152627531468275
ENSG00000250318.1,chr22,31050801,31050801,-,3460,-35479,22_31086280,chr22,31086280,31086280,356,301.192,0.974644,170.47,5.09433e-05,-0.343906,0.042957,0.0359603,0.0221991203155091,0.00017321898102951
ENSG00000167065.9,chr22,31063877,31063877,-,3452,-22403,22_31086280,chr22,31086280,31086280,356,311.152,0.969585,196.588,6.91707e-15,-0.641065,0.000999001,1.37218e-10,2.17160067020852e-10,0.000184189880631846
ENSG00000073150.9,chr22,50609160,50609160,+,5034,-71259,22_50537901,chr22,50537901,50537901,356,315.498,1.03236,550.266,2.81738e-07,0.876766,0.000999001,0.00057502,0.000457088613359908,7.88171596898257e-05
ENSG00000170638.5,chr22,50624344,50624344,+,4964,2447,22_50626791,chr22,50626791,50626791,356,308.719,1.03304,472.376,4.54402e-11,0.50631,0.000999001,2.49177e-07,2.87271520196462e-07,7.84728804357204e-05
ENSG00000073169.9,chr22,50639408,50639408,+,4874,-15326,22_50624082,chr22,50624082,50624082,356,289.372,1.07769,384.682,1.18473e-11,0.583135,0.000999001,1.14668e-07,1.38624921362266e-07,6.69676649741602e-05
ENSG00000273137.1,chr22,50647971,50647971,-,4854,853629,22_49794342,chr22,49794342,49794342,356,300.862,1.0309,422.941,5.76458e-05,-0.401156,0.0789211,0.080693,0.0433563205834246,7.15186779396415e-05
ENSG00000188130.9,chr22,50700254,50700254,-,4558,-93,22_50700347,chr22,50700347,50700347,356,302.235,1.05277,409.94,1.01805e-09,-0.631684,0.000999001,3.96827e-06,4.0876723397793e-06,8.25157044870295e-05
ENSG00000185386.10,chr22,50709196,50709196,-,4519,602,22_50708594,chr22,50708594,50708594,356,324.415,1.03608,571.498,4.55284e-05,0.36872,0.04995,0.0489844,0.0291039368651519,9.59596870542256e-05
ENSG00000227484.1,chr22,50753060,50753060,+,4322,274,22_50753334,chr22,50753334,50753334,356,302.756,1.06456,401.578,1.53155e-06,-0.368612,0.002997,0.00252936,0.00183468272454491,8.88645856889081e-05
ENSG00000205593.7,chr22,50765489,50765489,-,4265,12155,22_50753334,chr22,50753334,50753334,356,287.373,1.04774,308.495,1.20507e-24,-0.743132,0.000999001,1.57997e-18,4.91159310367483e-18,7.5235323012901e-05
ENSG00000100239.11,chr22,50781733,50781733,+,4167,78381,22_50860114,chr22,50860114,50860114,356,295.803,1.04285,317.868,2.38071e-06,0.422193,0.002997,0.0042473,0.0029934882066954,9.0572072258599e-05
ENSG00000100241.16,chr22,50913454,50913454,-,3586,31500,22_50881954,chr22,50881954,50881954,356,289.406,1.03006,241.489,3.8602e-08,-0.447937,0.000999001,0.000132511,0.000113636398379639,0.000101366242140744
ENSG00000128165.7,chr22,50919985,50919985,+,3573,206143,22_51126128,chr22,51126128,51126128,356,300.132,0.976403,270.764,6.96297e-05,0.291277,0.0709291,0.0732672,0.0401092038841587,9.85527629349114e-05
ENSG00000100258.13,chr22,50946135,50946135,-,3491,8166,22_50937969,chr22,50937969,50937969,356,293.039,1.07657,255.561,9.64542e-06,-0.41263,0.010989,0.0106181,0.00727737344437584,0.000121221865012178
ENSG00000272216.1,chr22,22641586,22641586,-,5365,-441109,22_23082695,chr22,23082695,23082695,356,304.112,1.00837,406.593,7.68963e-07,-0.35629,0.004995,0.00189076,0.00140065156501204,7.61048989166291e-05
ENSG00000234630.1,chr22,22648098,22648098,+,5374,334870,22_22982968,chr22,22982968,22982968,356,301.262,1.05117,401.775,4.37757e-05,-0.313938,0.0539461,0.0564694,0.0326594032307832,8.18650099797535e-05
ENSG00000272779.1,chr22,22657589,22657589,+,5410,3566,22_22661155,chr22,22661155,22661155,356,326.623,1.01442,587.225,4.8071e-19,-0.856989,0.000999001,4.8931e-15,1.16687087094259e-14,9.22175524477042e-05
ENSG00000211643.2,chr22,22673082,22673082,+,5518,-11932,22_22661150,chr22,22661150,22661150,356,321.078,1.03426,553.182,1.74854e-10,0.551339,0.000999001,4.5653e-07,5.06210601591111e-07,9.09725599091971e-05
ENSG00000211652.2,chr22,22749356,22749356,+,5715,-418347,22_22331009,chr22,22331009,22331009,356,294.587,1.06632,377.465,6.59282e-05,0.516998,0.0829171,0.0849788,0.0454880058482485,7.67836129755839e-05
ENSG00000185686.13,chr22,22901768,22901768,-,6299,-757765,22_23659533,chr22,23659533,23659533,356,296.012,1.05544,430.667,4.00481e-05,-0.457971,0.0689311,0.0633372,0.0355679417037933,6.60253244595399e-05
ENSG00000100311.12,chr22,39640756,39640756,-,3473,-105412,22_39746168,chr22,39746168,39746168,356,309.796,0.987976,265.257,1.61576e-10,-0.56123,0.000999001,7.7843e-07,8.57677555257385e-07,0.000134867611934597
ENSG00000100316.11,chr22,39716394,39716394,-,3426,-33590,22_39749984,chr22,39749984,39749984,356,296.412,1.04943,229.956,1.26628e-05,0.599957,0.015984,0.0123607,0.00840552158696357,0.000138186076090396
ENSG00000100321.10,chr22,39745930,39745930,+,3433,1850,22_39747780,chr22,39747780,39747780,356,293.404,1.07216,207.892,1.21719e-59,1.12697,0.000999001,1.67289e-50,4.85375333375074e-49,0.000154715457930221
ENSG00000128268.11,chr22,39853349,39853349,+,3355,4847,22_39858196,chr22,39858196,39858196,356,315.863,0.982093,280.827,1.0157e-07,0.443113,0.000999001,0.000176255,0.000148228825537657,0.00014400595746511
ENSG00000227188.1,chr22,39872827,39872827,-,3361,-1487,22_39874314,chr22,39874314,39874314,356,294.795,1.10232,227.274,5.51331e-05,-0.300104,0.032967,0.0381481,0.0233838566224886,0.000157789846895406
ENSG00000128272.10,chr22,39915700,39915700,+,3406,25172,22_39940872,chr22,39940872,39940872,356,294.83,1.0235,206.772,2.308e-06,0.381964,0.004995,0.00307379,0.00220206171780493,0.000138403579152069
ENSG00000176177.9,chr22,40289868,40289868,-,3430,871132,22_39418736,chr22,39418736,39418736,356,298.08,1.05354,207.079,9.41899e-05,0.298897,0.0529471,0.0598348,0.0342642971115431,0.00016543046460793
ENSG00000239900.7,chr22,40742507,40742507,+,2707,72087,22_40814594,chr22,40814594,40814594,356,283.427,1.0734,124.776,3.25562e-05,0.418394,0.013986,0.0191682,0.0126397642093515,0.000223669179493124
ENSG00000100359.16,chr22,40766595,40766595,+,2661,23506,22_40790101,chr22,40790101,40790101,356,263.923,1.1036,98.0092,7.36474e-19,-0.839688,0.000999001,1.31276e-13,2.68861103405679e-13,0.000199066217335453
ENSG00000070010.14,chr22,19466738,19466738,-,4470,503,22_19466235,chr22,19466235,19466235,356,318.123,1.0452,610.497,1.28394e-07,-0.774851,0.000999001,0.000250228,0.000204511563264648,7.81236312649147e-05
ENSG00000215012.4,chr22,19842419,19842419,-,4278,8393,22_19834026,chr22,19834026,19834026,356,321.426,1.04073,537.561,9.98983e-25,-0.87276,0.000999001,1.56702e-20,5.68322524871187e-20,9.65628093254622e-05
ENSG00000185838.9,chr22,19842462,19842462,-,4278,7352,22_19835110,chr22,19835110,19835110,356,317.723,0.943309,444.054,2.87944e-10,0.561379,0.000999001,2.54954e-06,2.67371621043596e-06,7.92016021667896e-05
ENSG00000093010.7,chr22,19929130,19929130,+,4214,-1038,22_19928092,chr22,19928092,19928092,356,307.033,1.05609,425.47,2.20003e-33,0.845198,0.000999001,7.7329e-28,6.11901165395775e-27,9.08012889141441e-05
ENSG00000184470.15,chr22,19929341,19929341,-,4215,41195,22_19888146,chr22,19888146,19888146,356,305.816,1.07005,422.338,6.99672e-19,-0.824672,0.000999001,9.70762e-15,2.22362087565068e-14,9.24603524630196e-05
ENSG00000265087.1,chr22,19951276,19951276,+,4217,-5,22_19951271,chr22,19951271,19951271,356,324.259,1.02424,537.013,2.13491e-53,-0.965915,0.000999001,3.65912e-47,6.36998220992199e-46,9.87527303109026e-05
ENSG00000183597.11,chr22,20004537,20004537,+,4234,21988,22_20026525,chr22,20026525,20026525,356,321.843,0.969591,498.724,5.93241e-22,-0.748341,0.000999001,8.65011e-17,2.31670022442842e-16,8.47418278775436e-05
ENSG00000268292.1,chr22,20053228,20053228,-,4243,26703,22_20026525,chr22,20026525,20026525,356,314.646,1.0178,490.512,1.24184e-08,-0.461041,0.000999001,3.53038e-05,3.3583962130141e-05,8.38314451202526e-05
ENSG00000128191.9,chr22,20067755,20067755,+,4237,-9949,22_20057806,chr22,20057806,20057806,356,315.394,1.03059,490.296,4.91111e-08,0.463743,0.000999001,0.000104853,9.21886038086088e-05,8.89798513431517e-05
ENSG00000100360.10,chr22,37172300,37172300,-,4717,689,22_37171611,chr22,37171611,37171611,356,311.17,1.04155,473.093,7.21607e-11,-0.468006,0.000999001,2.85238e-07,3.26682117413356e-07,8.58224364062021e-05
ENSG00000100365.10,chr22,37257030,37257030,+,4818,8049,22_37265079,chr22,37265079,37265079,356,337.122,0.984491,675.23,1.39329e-13,0.699884,0.000999001,5.81013e-10,8.5716693430536e-10,9.35942250546162e-05
ENSG00000100368.9,chr22,37309670,37309670,+,4812,-45964,22_37263706,chr22,37263706,37263706,356,299.402,1.05997,411.104,2.75483e-24,0.997223,0.000999001,4.11285e-19,1.30179244945519e-18,7.78066696922597e-05
ENSG00000128309.12,chr22,37415676,37415676,+,4799,-146981,22_37268695,chr22,37268695,37268695,356,304.408,1.02635,438.165,1.39868e-05,0.339817,0.01998,0.0229398,0.014845639638544,7.45703384800178e-05
ENSG00000100379.13,chr22,37447779,37447779,+,4782,-171494,22_37276285,chr22,37276285,37276285,356,307.38,1.00565,429.656,5.40319e-06,0.351816,0.010989,0.00988399,0.00680100890184085,7.73216941193366e-05
ENSG00000100385.9,chr22,37571094,37571094,-,4812,16255,22_37554839,chr22,37554839,37554839,356,312.63,0.969313,467.764,5.46445e-05,0.31919,0.0799201,0.0774579,0.0421383287697859,7.15250476451823e-05
ENSG00000133466.9,chr22,37595425,37595425,-,4766,-908,22_37596333,chr22,37596333,37596333,356,334.167,0.975399,650.089,2.20727e-24,-0.734519,0.000999001,1.0907e-19,3.72303144373399e-19,8.81439513393811e-05
ENSG00000183473.5,chr22,37608362,37608362,-,4706,-3903,22_37612265,chr22,37612265,37612265,356,312.3,0.99996,432.213,2.33944e-09,-0.43442,0.000999001,9.64024e-06,9.70070527386956e-06,8.59031917483932e-05
ENSG00000226233.1,chr22,37611931,37611931,-,4694,-111,22_37612042,chr22,37612042,37612042,356,308.875,1.06803,458.716,1.35275e-24,-0.711561,0.000999001,3.89891e-20,1.38518792619743e-19,9.06142350756145e-05
ENSG00000128340.10,chr22,37640488,37640488,-,4618,2835,22_37637653,chr22,37637653,37637653,356,306.007,1.03578,400.419,1.26257e-06,-0.532976,0.001998,0.00225228,0.00164053706350631,8.90227217738015e-05
ENSG00000100055.16,chr22,37678068,37678068,+,4581,2930,22_37680998,chr22,37680998,37680998,356,306.372,1.06312,400.373,5.62093e-15,-0.560569,0.000999001,4.03054e-11,6.68244670235023e-11,9.77489833797751e-05
ENSG00000128283.6,chr22,37956454,37956454,+,4158,-703215,22_37253239,chr22,37253239,37253239,356,304.39,1.13719,417.025,5.25528e-05,-0.630802,0.047952,0.0488456,0.0291039368651519,0.000109276602798913
ENSG00000100083.14,chr22,38004481,38004481,+,4094,-5439,22_37999042,chr22,37999042,37999042,356,309.084,1.02465,391.952,9.2353e-05,0.368101,0.0909091,0.0938815,0.0496758937073972,9.55407578420164e-05
ENSG00000099956.13,chr22,24129150,24129150,+,4773,16168,22_24145318,chr22,24145318,24145318,356,321.773,1.03081,488.591,2.43647e-14,-0.878368,0.000999001,1.01927e-10,1.62788721023694e-10,0.000105043530785442
ENSG00000133460.15,chr22,24198890,24198890,+,4883,4856,22_24203746,chr22,24203746,24203746,356,314.768,1.00761,433.309,8.23646e-22,-1.29493,0.000999001,5.948e-17,1.67009369891756e-16,9.36029070118805e-05
ENSG00000244425.2,chr22,24221977,24221977,-,4919,-444260,22_24666237,chr22,24666237,24666237,356,320.696,0.995416,468.625,5.72095e-05,-0.316636,0.0609391,0.0617664,0.035024785259321,9.59269104419125e-05
ENSG00000273295.1,chr22,24249255,24249255,-,4934,-17699,22_24266954,chr22,24266954,24266954,356,300.601,1.02318,363.7,1.84279e-66,1.06868,0.000999001,4.59008e-55,1.99766118234157e-53,8.26734954076924e-05
ENSG00000225282.1,chr22,24269087,24269087,+,4924,29093,22_24298180,chr22,24298180,24298180,356,305.103,1.08987,388.818,2.36814e-20,0.647989,0.000999001,2.22201e-16,5.68851180317092e-16,0.000105805298113104
ENSG00000099974.7,chr22,24309089,24309089,+,4921,4917,22_24314006,chr22,24314006,24314006,356,318.488,1.05184,471.134,1.39494e-15,-0.593938,0.000999001,5.47002e-12,9.52248903777889e-12,0.000107268820535689
ENSG00000272787.1,chr22,24311400,24311400,+,4927,-56192,22_24255208,chr22,24255208,24255208,356,307.728,1.08853,414.251,1.96185e-23,-0.701667,0.000999001,2.19408e-19,7.20672841802238e-19,0.000104910065661601
ENSG00000099977.9,chr22,24322660,24322660,-,4941,8654,22_24314006,chr22,24314006,24314006,356,311.9,1.01443,417.529,3.99231e-14,-0.564898,0.000999001,4.51011e-10,6.82732946595648e-10,9.26239998499945e-05
ENSG00000235231.3,chr22,24373117,24373117,+,4902,-38169,22_24334948,chr22,24334948,24334948,356,331.751,0.980577,543.594,6.32166e-54,-1.02202,0.000999001,1.01505e-46,1.47254222376357e-45,0.000102254017572911
ENSG00000184674.8,chr22,24384680,24384680,-,4896,49732,22_24334948,chr22,24334948,24334948,356,322.138,0.967861,429.94,2.25057e-63,-1.08145,0.000999001,3.92553e-53,1.36675245766824e-51,9.99322266381775e-05
ENSG00000099994.10,chr22,24577227,24577227,+,4993,-157801,22_24419426,chr22,24419426,24419426,356,309.849,1.04909,439.571,5.50221e-05,-0.37901,0.0599401,0.0613888,0.035024785259321,9.22250009056658e-05
ENSG00000159958.3,chr22,42322822,42322822,-,3915,29899,22_42292923,chr22,42292923,42292923,356,297.455,1.01401,170.403,3.0952e-11,0.833345,0.000999001,1.74254e-07,2.07774127593173e-07,0.000180571496046333
ENSG00000100162.10,chr22,42343168,42343168,-,3952,1860,22_42341308,chr22,42341308,42341308,356,282.488,1.09071,156.008,1.08921e-26,-0.926621,0.000999001,5.13773e-21,2.03273220556896e-20,0.000174637937371713
ENSG00000205704.5,chr22,42348169,42348169,+,3956,36002,22_42384171,chr22,42384171,42384171,356,276.804,1.12408,141.03,7.70477e-05,-0.30864,0.037962,0.0453527,0.0273191304275561,0.000188523612608571
ENSG00000183066.10,chr22,42394729,42394729,+,4050,-146797,22_42247932,chr22,42247932,42247932,356,292.24,1.06308,168.468,3.17196e-06,0.343124,0.001998,0.00281296,0.00202353051391011,0.000187960016372224
ENSG00000215347.3,chr22,42397970,42397970,-,4055,-290562,22_42688532,chr22,42688532,42688532,356,296.898,1.03824,169.681,0.000138659,-0.337609,0.0759241,0.0731299,0.0401092038841587,0.00019370436760191
ENSG00000198951.7,chr22,42466846,42466846,-,4096,50543,22_42416303,chr22,42416303,42416303,356,286.99,1.0734,168.382,7.19772e-23,0.651312,0.000999001,1.1018e-17,3.1967824681399e-17,0.000169613893454601
ENSG00000177096.4,chr22,42470255,42470255,+,4108,-88529,22_42381726,chr22,42381726,42381726,356,309.692,0.991753,198.908,9.42903e-06,0.316839,0.003996,0.00747266,0.00518278351000507,0.000189162292335676
ENSG00000183172.8,chr22,42475695,42475695,+,4119,-9186,22_42466509,chr22,42466509,42466509,356,280.159,1.09808,155.873,1.88417e-76,1.15501,0.000999001,5.13971e-64,8.9474685892122e-62,0.00016805636047712
ENSG00000184983.5,chr22,42486959,42486959,-,4130,-148367,22_42635326,chr22,42635326,42635326,356,293.022,1.10849,182.275,5.1206e-12,1.0341,0.000999001,1.11028e-08,1.46426658803213e-08,0.000199998500244103
ENSG00000100197.16,chr22,42526908,42526908,-,4197,-13643,22_42540551,chr22,42540551,42540551,356,287.025,1.00504,163.275,2.33268e-17,-0.579737,0.000999001,3.93373e-12,6.91720935900811e-12,0.000140635440515346
ENSG00000232710.1,chr22,42535938,42535938,-,4203,7370,22_42528568,chr22,42528568,42528568,356,291.736,0.99551,170.007,2.13355e-05,-0.314656,0.023976,0.0205079,0.0134215020352956,0.000146774034498032
ENSG00000100296.9,chr22,29951205,29951205,-,3605,-1234,22_29952439,chr22,29952439,29952439,356,283.096,1.11665,157.019,1.65856e-08,-0.971743,0.000999001,2.38555e-05,2.33308245859313e-05,0.00019044704157789
ENSG00000184117.7,chr22,29977326,29977326,-,3626,-88487,22_30065813,chr22,30065813,30065813,356,300.653,1.04882,192.996,6.64901e-28,0.744994,0.000999001,1.48901e-22,7.40612669587687e-22,0.000188882957234293
ENSG00000186575.13,chr22,29999545,29999545,+,3685,104274,22_30103819,chr22,30103819,30103819,356,288.902,1.07876,176.373,1.35841e-07,-0.424732,0.000999001,0.000188031,0.000156619104605725,0.000171322534619822
ENSG00000100314.3,chr22,30116073,30116073,+,3809,77525,22_30193598,chr22,30193598,30193598,356,284.713,1.10741,172.931,0.000103908,0.407927,0.0549451,0.063071,0.0355330759812367,0.000171567056546973
ENSG00000100319.11,chr22,30163000,30163000,-,3820,-30598,22_30193598,chr22,30193598,30193598,356,291.127,1.04774,189.27,6.47057e-08,0.562533,0.000999001,0.000125998,0.000109126232358093,0.000151168125665402
ENSG00000184076.10,chr22,30163358,30163358,+,3819,30240,22_30193598,chr22,30193598,30193598,356,295.386,1.00723,190.646,5.1399e-15,0.796457,0.000999001,1.67872e-10,2.63279383854225e-10,0.000146516236831262
ENSG00000100325.10,chr22,30234271,30234271,-,3810,-226988,22_30461259,chr22,30461259,30461259,356,299.332,1.04439,214.612,1.17615e-21,0.75687,0.000999001,8.1402e-17,2.21419909300285e-16,0.000159088753539427
ENSG00000100330.11,chr22,30279144,30279144,+,3829,-127457,22_30151687,chr22,30151687,30151687,356,284.661,1.13233,199.117,2.08507e-17,-0.629431,0.000999001,1.98439e-13,4.01689191172509e-13,0.000154927218185663
ENSG00000248751.2,chr22,30695471,30695471,-,3712,27163,22_30668308,chr22,30668308,30668308,356,304.981,0.964276,198.162,7.02046e-05,-0.283716,0.0539461,0.051315,0.0302197006689323,0.000154063270185745
ENSG00000075240.12,chr22,46971909,46971909,+,5192,4648,22_46976557,chr22,46976557,46976557,356,321.2,1.03752,566.4,2.53869e-13,-0.646509,0.000999001,9.64852e-10,1.38815160073886e-09,8.97799718836412e-05
ENSG00000100422.9,chr22,47134158,47134158,-,5358,52303,22_47081855,chr22,47081855,47081855,356,302.009,1.03037,453.788,7.99384e-13,-0.571061,0.000999001,1.10986e-08,1.46426658803213e-08,6.78774709975682e-05
ENSG00000260708.1,chr22,47158460,47158460,-,5361,848,22_47157612,chr22,47157612,47157612,356,319.618,0.998192,554.842,1.49702e-39,-0.947381,0.000999001,7.07043e-33,6.83809120415393e-32,7.81174518484917e-05
ENSG00000054611.9,chr22,47158518,47158518,+,5361,3384,22_47161902,chr22,47161902,47161902,356,322.764,0.96736,560.002,3.92526e-11,0.501404,0.000999001,2.98399e-07,3.37316984854941e-07,7.58194975423176e-05
ENSG00000212939.2,chr22,49942329,49942329,+,8024,108139,22_50050468,chr22,50050468,50050468,356,323.512,0.98989,908.403,1.48668e-15,-0.602018,0.000999001,3.33126e-11,5.57617965958627e-11,4.89781639778641e-05
ENSG00000213279.2,chr22,49969074,49969074,-,8005,-56472,22_50025546,chr22,50025546,50025546,356,314.264,0.973601,809.038,4.43189e-09,-0.453792,0.000999001,3.82325e-05,3.61723264242974e-05,4.0904357630045e-05
ENSG00000235111.1,chr22,50009364,50009364,-,7935,18894,22_49990470,chr22,49990470,49990470,356,302.878,1.06119,719.65,6.8121e-19,-0.6703,0.000999001,3.10526e-14,7.02051240379929e-14,4.47103011746997e-05
ENSG00000188511.8,chr22,50051190,50051190,-,7837,-5926,22_50057116,chr22,50057116,50057116,356,306.668,1.05128,750.038,1.12612e-19,-0.717584,0.000999001,5.43771e-15,1.27922191167493e-14,4.61223841197178e-05
ENSG00000226954.1,chr22,50118154,50118154,-,7439,-38984,22_50157138,chr22,50157138,50157138,356,305.364,1.01254,651.001,1.15512e-10,-0.556192,0.000999001,1.31117e-06,1.40898236177534e-06,4.63059478009731e-05
ENSG00000100425.14,chr22,50221160,50221160,-,7150,24817,22_50196343,chr22,50196343,50196343,356,308.528,1.0383,721.684,3.66945e-10,-0.5731,0.000999001,2.3837e-06,2.51494921345405e-06,4.88389441897219e-05
ENSG00000100426.6,chr22,50247490,50247490,+,7045,6193,22_50253683,chr22,50253683,50253683,356,286.99,1.09917,522.878,4.84018e-07,-0.555029,0.001998,0.00176804,0.00132667843097738,4.57768470722986e-05
ENSG00000273192.1,chr22,50295876,50295876,+,6836,8715,22_50304591,chr22,50304591,50304591,356,297.489,1.07033,530.207,1.41982e-11,-0.601514,0.000999001,1.19597e-07,1.43586579769328e-07,5.63315908130857e-05
ENSG00000184164.10,chr22,50311815,50311815,+,6751,1544,22_50313359,chr22,50313359,50313359,356,305.659,1.0462,643.497,7.60876e-45,-1.14337,0.000999001,1.43794e-37,1.78802792141577e-36,5.26588403650941e-05
ENSG00000182858.9,chr22,50312106,50312106,-,6749,149970,22_50162136,chr22,50162136,50162136,356,301.644,1.08177,589.752,5.73268e-15,-0.676299,0.000999001,6.35891e-11,1.02499203346441e-10,5.7916265579383e-05
ENSG00000100427.11,chr22,50524331,50524331,-,5639,21565,22_50502766,chr22,50502766,50502766,356,322.503,0.993784,640.622,5.94672e-08,-0.429375,0.000999001,0.000168615,0.000143187106472887,7.08275738035002e-05
ENSG00000073146.11,chr22,50528308,50528308,+,5627,-345146,22_50183162,chr22,50183162,50183162,356,310.579,1.10143,612.777,3.89569e-05,0.357844,0.042957,0.0528463,0.0307684036664956,7.49813329663507e-05
ENSG00000161179.9,chr22,21984353,21984353,-,4864,2013,22_21982340,chr22,21982340,21982340,356,306.685,1.05664,443.67,1.97576e-05,-0.312148,0.022977,0.0262318,0.0166056915159166,8.58742592213524e-05
ENSG00000161180.6,chr22,21987005,21987005,+,4867,-1911,22_21985094,chr22,21985094,21985094,356,310.7,1.06222,472.948,7.14652e-05,-0.369014,0.0689311,0.0786004,0.0426266586212847,9.02388213777083e-05
ENSG00000100023.13,chr22,22006559,22006559,+,4899,43224,22_22049783,chr22,22049783,22049783,356,304.373,1.02105,436.273,1.60422e-32,0.875342,0.000999001,6.33525e-26,4.00785524743204e-25,7.36109908391347e-05
ENSG00000100030.10,chr22,22221970,22221970,-,5215,16617,22_22205353,chr22,22205353,22205353,356,319.392,0.991412,554.926,4.62471e-16,-0.55704,0.000999001,1.00863e-11,1.73848951086698e-11,7.59732303197147e-05
ENSG00000224086.3,chr22,22292609,22292609,+,5323,21854,22_22314463,chr22,22314463,22314463,356,305.52,1.02729,469.284,2.13844e-13,-0.504155,0.000999001,2.9034e-09,4.04350911657175e-09,7.12124437469708e-05
ENSG00000100034.9,chr22,22307209,22307209,-,5328,17812,22_22289397,chr22,22289397,22289397,356,313.655,1.03988,562.787,1.99722e-11,-0.461568,0.000999001,9.18805e-08,1.15072120662172e-07,7.49073685966106e-05
ENSG00000100038.15,chr22,22337213,22337213,-,5308,49351,22_22287862,chr22,22287862,22287862,356,305.607,1.00425,462.573,1.96214e-16,-0.576244,0.000999001,1.05884e-11,1.80713973314536e-11,6.73592337840923e-05
ENSG00000197549.5,chr22,22349825,22349825,-,5301,-48082,22_22397907,chr22,22397907,22397907,356,308.667,1.04628,502.14,1.77304e-05,-0.328935,0.028971,0.0266285,0.0167957417413528,7.61182451494147e-05
ENSG00000253794.1,chr22,22398016,22398016,+,5221,-109,22_22397907,chr22,22397907,22397907,356,314.89,1.03372,518.623,1.16398e-06,-0.371268,0.002997,0.00201559,0.00148052387806331,8.32529633258972e-05
ENSG00000182502.2,chr22,22472374,22472374,-,5142,6830,22_22465544,chr22,22465544,22465544,356,311.639,1.05718,493.012,2.68327e-08,-0.412499,0.000999001,5.57498e-05,5.10800460229593e-05,8.69112005348338e-05
ENSG00000100242.11,chr22,39190148,39190148,-,3624,55941,22_39134207,chr22,39134207,39134207,356,287.112,1.13855,217.2,2.80909e-06,-0.47304,0.001998,0.00257597,0.00186073842225457,0.000151310002964755
ENSG00000100246.8,chr22,39190203,39190203,-,3625,107,22_39190096,chr22,39190096,39190096,356,314.177,0.986518,289.31,7.98818e-08,-0.73587,0.000999001,0.000151315,0.000129125906048549,0.000135618673106963
ENSG00000221890.2,chr22,39239987,39239987,-,3617,-630010,22_39869997,chr22,39869997,39869997,356,311.483,1.00829,297.56,7.78049e-05,0.281263,0.0619381,0.061604,0.035024785259321,0.000131946112478465
ENSG00000183741.7,chr22,39268319,39268319,-,3614,1868,22_39266451,chr22,39266451,39266451,356,293.717,1.09308,252.171,8.1013e-11,-0.634953,0.000999001,2.37749e-07,2.75923701222652e-07,0.000131826712347904
ENSG00000179750.11,chr22,39378352,39378352,+,3631,-20315,22_39358037,chr22,39358037,39358037,356,307.467,1.00587,272.262,1.60477e-27,-1.35082,0.000999001,1.12412e-21,4.8923131803668e-21,0.000130990425906807
ENSG00000244509.3,chr22,39410088,39410088,+,3652,97566,22_39507654,chr22,39507654,39507654,356,311.274,1.08746,327.365,3.07086e-14,-0.551246,0.000999001,5.8603e-11,9.61182332160846e-11,0.000149643400270572
ENSG00000243811.3,chr22,39410368,39410368,+,3652,10233,22_39420601,chr22,39420601,39420601,356,300.392,1.06799,282.228,3.37497e-20,-0.675566,0.000999001,8.34677e-16,2.04654672647801e-15,0.000127428156789566
ENSG00000128394.12,chr22,39436609,39436609,+,3669,6558,22_39443167,chr22,39443167,39443167,356,295.004,1.04356,249.594,2.86153e-41,-0.878624,0.000999001,1.84047e-33,1.88469634580978e-32,0.00011853456798705
ENSG00000239713.3,chr22,39436924,39436924,+,3669,70730,22_39507654,chr22,39507654,39507654,356,295.264,1.08625,255.059,1.13348e-11,-0.496627,0.000999001,4.04698e-08,5.14247344938388e-08,0.000132726231990565
ENSG00000259421.1,chr22,39466419,39466419,+,3643,51323,22_39517742,chr22,39517742,39517742,356,302.409,1.06998,281.25,1.20025e-11,0.747969,0.000999001,3.70267e-08,4.73955607721092e-08,0.000135586984502334
ENSG00000100298.11,chr22,39493229,39493229,+,3632,4175,22_39497404,chr22,39497404,39497404,356,299.61,1.02083,257.704,8.62923e-38,-0.859749,0.000999001,2.91573e-30,2.41707194612182e-29,0.000119774518390736
ENSG00000226024.1,chr22,39516571,39516571,-,3589,-1442,22_39518013,chr22,39518013,39518013,356,299.558,1.06899,260.725,1.37693e-10,-0.4581,0.000999001,3.84318e-07,4.31638917404572e-07,0.000137295275485227
ENSG00000100307.8,chr22,39548679,39548679,-,3552,72715,22_39475964,chr22,39475964,39475964,356,322.642,1.01316,350.895,6.51868e-05,-0.295187,0.047952,0.0470978,0.0282628034958356,0.000146267972714553
ENSG00000272977.1,chr22,25872185,25872185,+,4783,407,22_25872592,chr22,25872592,25872592,356,303.765,1.03492,452.006,2.93317e-26,-1.41117,0.000999001,1.15678e-20,4.28464140709193e-20,7.26215266489971e-05
ENSG00000100077.10,chr22,25960816,25960816,+,4942,-294819,22_25665997,chr22,25665997,25665997,356,308.284,1.015,485.01,3.59413e-05,-0.251499,0.048951,0.054105,0.0313962453147049,7.10692909235977e-05
ENSG00000128203.6,chr22,26825239,26825239,+,5164,2096,22_26827335,chr22,26827335,26827335,356,307.519,1.06382,607.65,3.72322e-11,0.461922,0.000999001,1.84126e-07,2.18051636738668e-07,6.25061028098894e-05
ENSG00000100099.16,chr22,26879803,26879803,-,5212,46642,22_26833161,chr22,26833161,26833161,356,318.523,1.01795,741.774,3.81372e-05,0.297335,0.0679321,0.0663975,0.0368115112031475,5.85250965952078e-05
ENSG00000100109.12,chr22,26908471,26908471,-,5297,38,22_26908433,chr22,26908433,26908433,356,317.132,1.02416,724.97,5.50404e-17,-0.903453,0.000999001,1.00787e-12,1.90712104273886e-12,5.89589152912851e-05
ENSG00000261188.1,chr22,26908503,26908503,+,5297,-56675,22_26851828,chr22,26851828,26851828,356,319.166,0.989281,701.336,3.14766e-07,0.863108,0.001998,0.000974879,0.000757642387722143,5.78500962433726e-05
ENSG00000260065.1,chr22,26921002,26921002,-,5286,-723,22_26921725,chr22,26921725,26921725,356,307.815,1.05116,651.181,2.95396e-71,1.04618,0.000999001,4.98978e-62,4.34323140965923e-60,5.60295378424502e-05
ENSG00000244625.1,chr22,27068730,27068730,+,5607,48960,22_27117690,chr22,27117690,27117690,356,307.884,1.08005,746.341,3.27193e-21,-0.713051,0.000999001,6.79887e-17,1.87870138208147e-16,5.23061733568309e-05
ENSG00000100290.2,chr22,43506754,43506754,+,5415,8949,22_43515703,chr22,43515703,43515703,356,311.43,0.965937,440.43,2.65109e-19,-0.832853,0.000999001,5.82234e-14,1.2513364955359e-13,7.33017416093551e-05
ENSG00000100294.8,chr22,43539400,43539400,-,5402,11149,22_43528251,chr22,43528251,43528251,356,310.405,1.01238,435.711,7.81654e-10,0.465676,0.000999001,3.50314e-06,3.63002636446841e-06,8.43034707913581e-05
ENSG00000100300.13,chr22,43547520,43547520,+,5407,635,22_43548155,chr22,43548155,43548155,356,293.057,1.11728,392.674,3.28846e-18,-0.628305,0.000999001,4.36092e-14,9.6097611969555e-14,8.16709438169472e-05
ENSG00000100304.12,chr22,43583139,43583139,-,5481,-459,22_43583598,chr22,43583598,43583598,356,288.659,1.10573,366.519,1.33746e-31,-0.863605,0.000999001,8.85833e-26,5.31759704327046e-25,7.57535646533913e-05
ENSG00000186976.10,chr22,44208217,44208217,-,6121,-45747,22_44253964,chr22,44253964,44253964,356,299.315,1.04316,524.357,5.73112e-07,-0.478923,0.001998,0.00180569,0.00134334914310279,5.52893939371746e-05
ENSG00000261251.1,chr22,44208336,44208336,+,6122,-157738,22_44050598,chr22,44050598,44050598,356,309.536,1.03075,607.93,1.30586e-05,0.382624,0.024975,0.0255491,0.0162325448118911,5.97009812366434e-05
ENSG00000100344.6,chr22,44319619,44319619,+,6368,91391,22_44411010,chr22,44411010,44411010,356,317.375,0.990625,737.646,9.31627e-08,-0.635254,0.000999001,0.000369203,0.0002961877240472,5.23365945876986e-05
ENSG00000100347.10,chr22,44351301,44351301,+,6398,16903,22_44368204,chr22,44368204,44368204,356,309.449,1.02137,631.696,1.38269e-57,-1.05208,0.000999001,1.7485e-48,3.38208637111552e-47,5.53461706946923e-05
ENSG00000188677.10,chr22,44395091,44395091,+,6390,94777,22_44489868,chr22,44489868,44489868,356,304.999,1.01749,661.095,4.51031e-08,-0.454581,0.000999001,0.000235707,0.000194469542356244,4.57437529273186e-05
ENSG00000138964.12,chr22,44568836,44568836,+,6524,29465,22_44598301,chr22,44598301,44598301,356,326.171,0.981867,912.374,1.33397e-08,-0.432936,0.000999001,5.92703e-05,5.37399754723499e-05,5.10061144147755e-05
ENSG00000226328.2,chr22,45559662,45559662,-,6297,6203,22_45553459,chr22,45553459,45553459,356,325.98,1.01725,911.59,1.19388e-16,-0.75961,0.000999001,1.28469e-12,2.37920605874796e-12,5.67493666028263e-05
ENSG00000093000.14,chr22,45559722,45559722,+,6297,919,22_45560641,chr22,45560641,45560641,356,318.036,1.01001,796.355,3.41886e-14,-0.722733,0.000999001,4.98248e-10,7.47737466208479e-10,5.20650977685611e-05
ENSG00000198832.6,chr22,31516055,31516055,-,3456,8717,22_31507338,chr22,31507338,31507338,356,295.525,1.01642,180.796,1.8806e-08,0.417884,0.001998,4.61647e-05,4.25216179028655e-05,0.000161556255828366
ENSG00000138942.11,chr22,31556168,31556168,+,3490,31554,22_31587722,chr22,31587722,31587722,356,304.321,1.04204,225.299,4.9194e-18,-0.717607,0.000999001,8.06805e-14,1.71283802505497e-13,0.000169069140254385
ENSG00000254835.1,chr22,31601602,31601602,-,3587,5855,22_31595747,chr22,31595747,31595747,356,292.64,1.03925,181.473,3.48793e-14,-0.987231,0.000999001,5.09808e-10,7.58546749383278e-10,0.000160955972668742
ENSG00000182541.13,chr22,31608225,31608225,+,3607,-31324,22_31576901,chr22,31576901,31576901,356,292.24,1.01757,171.441,1.60415e-05,-0.345578,0.014985,0.0146126,0.00974649705788462,0.000158790039070933
ENSG00000185721.7,chr22,31795509,31795509,+,4013,201116,22_31996625,chr22,31996625,31996625,356,291.197,1.04024,200.369,1.14609e-05,0.338737,0.00999001,0.0119692,0.00817121260774564,0.000137979379861708
ENSG00000224623.1,chr22,31857650,31857650,+,4103,85259,22_31942909,chr22,31942909,31942909,356,284.105,1.09135,195.867,8.12593e-05,0.486975,0.0619381,0.0620487,0.0350706275794637,0.000137840227101504
ENSG00000198089.10,chr22,31884674,31884674,+,4100,40399,22_31925073,chr22,31925073,31925073,356,289.702,1.02642,196.5,3.95241e-14,0.608939,0.000999001,1.03136e-09,1.4716753656494e-09,0.000129699344725176
ENSG00000025770.14,chr22,50946645,50946645,+,3489,17320,22_50963965,chr22,50963965,50963965,356,293.005,1.02572,257.224,6.58995e-06,-0.331636,0.00599401,0.00981486,0.00678024107202232,0.000102212505667998
ENSG00000272821.1,chr22,50962355,50962355,+,3434,-1186,22_50961169,chr22,50961169,50961169,356,292.622,1.05348,248.575,2.35402e-14,-0.635941,0.000999001,3.74711e-10,5.77270767907947e-10,0.000115331823128617
ENSG00000130489.8,chr22,50964868,50964868,-,3422,3699,22_50961169,chr22,50961169,50961169,356,290.901,1.11371,259.801,3.09741e-12,-0.585062,0.000999001,1.12004e-08,1.46603203054554e-08,0.000125366292402895
ENSG00000025708.8,chr22,50968485,50968485,-,3416,4520,22_50963965,chr22,50963965,50963965,356,293.491,1.10973,270.884,4.10202e-16,0.580062,0.000999001,2.8319e-12,5.03052608062061e-12,0.000126291589230054
ENSG00000177989.9,chr22,50971009,50971009,-,3410,-257,22_50971266,chr22,50971266,50971266,356,311.257,0.971879,275.905,1.20805e-11,0.526964,0.000999001,1.03316e-07,1.27558686357852e-07,0.000126668693741339
ENSG00000273272.1,chr22,50981079,50981079,+,3390,-2817,22_50978262,chr22,50978262,50978262,356,299.019,1.03901,272.275,2.97028e-30,1.38405,0.000999001,4.03951e-24,2.26844660313197e-23,0.000117206167176809
ENSG00000272666.1,chr22,50981335,50981335,-,3388,3073,22_50978262,chr22,50978262,50978262,356,288.607,1.06938,226.406,2.06638e-30,1.3872,0.000999001,3.89874e-24,2.26237496457356e-23,0.000121799162475122
ENSG00000130487.4,chr22,50986462,50986462,+,3386,-5644,22_50980818,chr22,50980818,50980818,356,290.328,1.0934,257.358,1.4915e-06,-0.524457,0.001998,0.00202533,0.00148142751193947,0.000117579731078177
ENSG00000217442.3,chr22,51001334,51001334,-,3359,63,22_51001271,chr22,51001271,51001271,356,291.423,1.04566,243.598,1.24724e-30,1.49908,0.000999001,5.26698e-24,2.86532083704679e-23,0.000111574753737909
ENSG00000205560.8,chr22,51017899,51017899,-,3327,-3700,22_51021599,chr22,51021599,51021599,356,310.874,1.01806,307.735,2.34713e-18,0.616022,0.000999001,5.67879e-14,1.23574080905665e-13,0.000129052501439242
ENSG00000254413.4,chr22,51021394,51021394,-,3315,11441,22_51009953,chr22,51009953,51009953,356,293.648,1.04707,238.641,2.86867e-17,0.613859,0.000999001,1.1246e-12,2.10511922640965e-12,0.000121989530601163
ENSG00000205559.3,chr22,51021455,51021455,+,3315,-9519,22_51011936,chr22,51011936,51011936,356,299.94,1.05388,269.49,3.66016e-17,-0.608664,0.000999001,6.72574e-13,1.2866494817033e-12,0.000127337853526699
ENSG00000100288.15,chr22,51039884,51039884,-,3281,24327,22_51015557,chr22,51015557,51015557,356,301.835,1.04187,276.282,1.33531e-05,0.597307,0.010989,0.0138347,0.00929889939564849,0.00012513513014456
ENSG00000100299.13,chr22,51066607,51066607,-,3204,3130,22_51063477,chr22,51063477,51063477,356,278.542,1.0835,202.606,3.67169e-30,-1.44285,0.000999001,2.09977e-23,1.10769285353325e-22,0.00011043995688953
ENSG00000079974.13,chr22,51222091,51222091,-,2804,40589,22_51181502,chr22,51181502,51181502,356,302.27,1.07121,248.295,7.10818e-09,0.409097,0.000999001,1.08947e-05,1.09000275272575e-05,0.000156828054727276
ENSG00000184319.11,chr22,51222185,51222185,+,2804,-454,22_51221731,chr22,51221731,51221731,356,293.996,1.08476,228.81,5.19884e-17,-1.0695,0.000999001,6.44109e-13,1.24588634281547e-12,0.00014553287472463
ENSG00000253234.1,chr22,23198937,23198937,+,6725,511013,22_23709950,chr22,23709950,23709950,356,306.737,1.07614,530.938,2.30772e-05,0.33779,0.028971,0.0338449,0.0209675883893548,7.41110748174734e-05
ENSG00000254030.1,chr22,23257805,23257805,+,6849,-9784,22_23248021,chr22,23248021,23248021,356,321.043,0.996168,657.863,2.5003e-05,0.624423,0.043956,0.0410119,0.024963497031261,6.67250378277862e-05
ENSG00000222037.5,chr22,23261707,23261707,+,6853,397450,22_23659157,chr22,23659157,23659157,356,327.336,1.00988,747.606,1.62124e-05,0.282796,0.021978,0.0252601,0.0161077168077533,7.12689531681132e-05
ENSG00000100372.10,chr22,41215403,41215403,-,2601,-411260,22_41626663,chr22,41626663,41626663,356,280.194,1.07528,89.1904,5.68599e-05,0.32252,0.01998,0.0233219,0.0150370184231282,0.000314952723423856
ENSG00000196236.8,chr22,41253081,41253081,+,2630,-106048,22_41147033,chr22,41147033,41147033,356,292.813,1.00285,90.5911,4.0147e-08,0.395273,0.000999001,5.64044e-05,5.14092400097176e-05,0.000329910549554557
ENSG00000172404.4,chr22,41258130,41258130,-,2636,1328,22_41256802,chr22,41256802,41256802,356,290.832,1.06348,94.2566,3.18116e-69,1.08257,0.000999001,2.39061e-58,1.3872318272209e-56,0.000366264981535691
ENSG00000100395.10,chr22,41601209,41601209,+,2953,-107221,22_41493988,chr22,41493988,41493988,356,289.267,1.06637,92.2178,5.49562e-18,0.672984,0.000999001,9.34431e-14,1.93655358665459e-13,0.000365836473444459
ENSG00000235513.1,chr22,41613631,41613631,-,2929,15578,22_41598053,chr22,41598053,41598053,356,299.419,1.05468,102.071,2.23963e-26,0.732662,0.000999001,1.62602e-21,6.75595205760008e-21,0.000394635162561441
ENSG00000100401.15,chr22,41682255,41682255,-,2934,20278,22_41661977,chr22,41661977,41661977,356,276.317,1.05186,76.6783,9.8007e-10,-0.552368,0.000999001,2.91415e-06,3.03778475598337e-06,0.000320405876561125
ENSG00000100403.10,chr22,41697526,41697526,+,2944,-57798,22_41639728,chr22,41639728,41639728,356,283.322,1.01493,80.9443,0.000161037,-0.312997,0.0599401,0.0571458,0.0329411639895396,0.000314085852274992
ENSG00000099899.10,chr22,20104915,20104915,-,4178,96,22_20104819,chr22,20104819,20104819,356,307.154,1.0162,419.055,9.07512e-10,-0.567775,0.000999001,4.37998e-06,4.45900114797904e-06,8.18513214386751e-05
ENSG00000128185.5,chr22,20307603,20307603,-,4113,13978,22_20293625,chr22,20293625,20293625,356,314.629,1.09344,460.06,2.57528e-13,-0.51178,0.000999001,4.31114e-10,6.58337876283625e-10,0.000112640752385484
ENSG00000206176.5,chr22,20378814,20378814,+,4278,94604,22_20473418,chr22,20473418,20473418,356,323.981,0.961595,504.594,3.75852e-34,-1.03317,0.000999001,1.88837e-27,1.42929154096333e-26,8.59841738813927e-05
ENSG00000215513.7,chr22,20427835,20427835,-,4361,-45583,22_20473418,chr22,20473418,20473418,356,289.354,1.11636,377.21,1.54905e-54,-1.24225,0.000999001,6.6436e-47,1.051410617601e-45,7.69909441484806e-05
ENSG00000100092.16,chr22,38030661,38030661,+,4048,833799,22_38864460,chr22,38864460,38864460,356,318.592,1.03313,438.057,0.000101037,0.445954,0.0829171,0.089451,0.0476210552136674,0.000110277202460596
ENSG00000233360.4,chr22,38054384,38054384,-,4091,48507,22_38005877,chr22,38005877,38005877,356,307.432,1.08495,395.753,2.97346e-05,-0.355045,0.023976,0.0297424,0.0185580941607583,0.000108590572383438
ENSG00000241360.1,chr22,38054734,38054734,+,4093,809726,22_38864460,chr22,38864460,38864460,356,297.263,1.04904,318.228,6.90181e-05,0.456226,0.0789211,0.0732068,0.0401092038841587,9.59963389728369e-05
ENSG00000100097.7,chr22,38071615,38071615,+,4113,-10765,22_38060850,chr22,38060850,38060850,356,315.342,1.05177,432.98,8.88835e-10,-0.47046,0.000999001,1.78085e-06,1.89036235330666e-06,0.000108899307901922
ENSG00000100101.13,chr22,38077680,38077680,+,4133,22737,22_38100417,chr22,38100417,38100417,356,303.556,1.04556,376.555,6.51692e-17,-0.661716,0.000999001,1.3633e-12,2.49821261217441e-12,9.23182092129604e-05
ENSG00000100106.15,chr22,38093011,38093011,+,4119,29451,22_38122462,chr22,38122462,38122462,356,309.345,1.09249,410.384,2.21499e-17,-0.700391,0.000999001,8.20322e-14,1.72055212248268e-13,0.000111812843421433
ENSG00000189060.4,chr22,38201114,38201114,+,4030,36450,22_38237564,chr22,38237564,38237564,356,308.754,1.05354,384.607,5.87865e-05,-0.324249,0.0539461,0.0576056,0.0330966199588217,0.000105826617533777
ENSG00000100116.12,chr22,38203912,38203912,+,4027,347,22_38204259,chr22,38204259,38204259,356,314.386,1.01674,407.764,1.67965e-27,0.809446,0.000999001,3.20742e-22,1.46937891449799e-21,0.000102160139127561
ENSG00000207945.1,chr22,38240378,38240378,-,4000,-184229,22_38424607,chr22,38424607,38424607,356,304.182,0.957973,311.187,1.3908e-05,0.656363,0.020979,0.0219522,0.0142595172818497,8.74577904406149e-05
ENSG00000100129.13,chr22,38244875,38244875,+,3990,-25623,22_38219252,chr22,38219252,38219252,356,315.046,0.995365,378.992,2.22214e-05,0.651001,0.022977,0.025255,0.0161077168077533,0.000105331346071269
ENSG00000100124.8,chr22,38245334,38245334,-,3988,-179273,22_38424607,chr22,38424607,38424607,356,307.624,1.10167,363.63,3.86206e-30,1.59771,0.000999001,4.64939e-26,3.11303638232787e-25,0.000126134968641223
ENSG00000233739.1,chr22,38469947,38469947,-,3872,-32878,22_38502825,chr22,38502825,38502825,356,313.377,1.01382,335.214,4.86632e-05,0.358107,0.043956,0.043248,0.0262328634579174,0.000123045084802098
ENSG00000185022.7,chr22,38597889,38597889,+,3910,12368,22_38610257,chr22,38610257,38610257,356,295.925,1.02245,271.061,4.67324e-09,-0.647674,0.000999001,1.9616e-05,1.92929551012157e-05,0.000102817162551783
